DoctrineMigrations\Version20240304170014,2024-03-08 14:39:09,167
DoctrineMigrations\Version20240304211134,2024-03-08 14:39:09,379
DoctrineMigrations\Version20240304214640,2024-03-08 14:39:09,32
DoctrineMigrations\Version20240304215152,2024-03-08 14:39:09,126
DoctrineMigrations\Version20240304215649,2024-03-08 14:39:09,153
DoctrineMigrations\Version20240305133240,2024-03-08 14:39:10,200
DoctrineMigrations\Version20240305141131,2024-03-08 14:39:10,48
DoctrineMigrations\Version20240305143044,2024-03-08 14:39:10,388
DoctrineMigrations\Version20240305150000,2024-03-08 14:39:10,32
DoctrineMigrations\Version20240305150132,2024-03-08 14:39:10,147
DoctrineMigrations\Version20240305205023,2024-03-08 14:39:10,232
DoctrineMigrations\Version20240306153615,2024-03-08 14:39:11,27
DoctrineMigrations\Version20240306153741,2024-03-08 14:39:11,14
DoctrineMigrations\Version20240306153830,2024-03-08 14:39:11,52
DoctrineMigrations\Version20240308082000,2024-03-08 14:39:11,51
DoctrineMigrations\Version20240308102146,2024-03-08 14:39:11,54
DoctrineMigrations\Version20240308105340,2024-03-08 14:39:11,51
